team,season,MP_team,FG_team,FGA_team,FG_per_team,3P_team,3PA_team,3P_per_team,2P_team,2PA_team,2P_per_team,FT_team,FTA_team,FT_per_team,ORB_team,DRB_team,TRB_team,AST_team,STL_team,BLK_team,TOV_team,PF_team,PTS_team,MP_opp,FG_opp,FGA_opp,FG_per_opp,3P_opp,3PA_opp,3P_per_opp,2P_opp,2PA_opp,2P_per_opp,FT_opp,FTA_opp,FT_per_opp,ORB_opp,DRB_opp,TRB_opp,AST_opp,STL_opp,BLK_opp,TOV_opp,PF_opp,PTS_opp
ATL,2008,5,22,21,16,27,28,18,8,6,21,5,7,7,7,21,11,12,14,4,24,11,15,5,20,22,21,10,7,16,24,21,18,10,10,12,24,5,11,20,16,24,16,9,15
BOS,2008,22,20,30,4,8,12,5,24,29,5,8,9,8,23,9,12,8,5,18,27,26,11,22,1,3,1,6,19,1,1,2,2,21,22,4,12,2,2,2,13,16,3,8,2
NJN,2008,9,28,25,26,18,17,23,26,22,23,10,6,20,16,13,15,6,24,16,25,25,25,9,8,10,12,14,11,24,11,13,12,27,27,25,11,14,13,17,27,11,21,7,17
CHA,2008,3,24,20,17,16,16,12,20,19,17,18,11,29,20,22,26,16,13,10,22,21,19,3,20,19,22,12,12,8,23,18,24,18,19,6,27,23,24,13,20,30,9,17,20
CHI,2008,14,19,5,30,23,24,14,15,4,30,15,18,17,4,18,8,11,9,6,18,22,18,14,8,14,9,20,16,26,6,12,9,24,24,23,15,21,19,15,25,28,7,12,16
CLE,2008,5,26,15,28,14,13,16,25,16,27,21,15,28,1,12,3,25,18,7,10,16,24,5,7,5,11,8,8,10,8,10,14,17,16,7,2,13,7,9,8,14,24,19,9
DAL,2008,25,16,24,9,19,19,20,14,18,8,7,14,1,21,7,9,20,29,10,5,23,12,25,6,11,4,1,1,5,16,22,4,23,23,21,9,6,5,3,6,8,30,13,6
DEN,2008,5,3,2,6,13,11,19,4,7,7,1,1,19,15,2,5,3,1,1,21,17,2,5,28,29,14,29,29,17,28,29,15,11,13,1,28,27,28,30,23,17,2,1,29
DET,2008,25,18,22,13,22,22,13,16,12,16,20,22,14,10,25,21,10,17,3,1,13,17,25,2,1,3,2,4,2,2,8,3,14,14,5,6,4,3,5,3,3,18,25,1
GSW,2008,18,1,1,12,2,1,23,6,12,6,14,16,18,5,14,6,8,2,19,7,27,1,18,26,25,25,21,22,20,27,25,23,28,28,20,29,30,30,26,10,20,1,14,30
HOU,2008,25,17,14,21,10,7,26,21,24,14,28,25,25,9,6,1,15,15,8,9,6,22,25,3,15,2,4,2,19,7,23,1,8,9,2,10,7,8,4,19,13,23,26,4
IND,2008,22,9,4,24,3,3,8,27,25,22,11,17,12,17,8,7,7,11,9,26,29,7,22,18,23,10,26,23,29,14,19,8,30,29,19,20,29,29,19,28,21,5,10,26
LAC,2008,14,29,27,29,28,27,29,18,9,29,6,8,6,25,17,27,19,20,14,14,18,29,14,19,18,24,7,6,4,25,20,26,19,18,11,16,26,23,21,12,14,17,11,18
LAL,2008,18,5,6,3,5,6,6,9,21,4,3,5,10,19,1,4,4,6,5,11,15,4,18,22,26,6,18,18,15,21,27,6,13,12,13,26,16,21,14,22,12,10,5,19
MEM,2008,14,11,12,15,7,4,22,19,27,9,17,12,26,22,11,18,28,28,17,28,3,10,14,30,27,29,24,27,18,29,26,30,5,5,29,21,28,27,28,30,18,22,6,28
MIA,2008,9,30,29,25,20,20,15,29,26,26,25,23,24,29,30,30,24,16,22,20,10,30,9,14,6,25,17,13,22,13,7,25,20,20,17,16,24,22,18,21,6,11,23,14
MIL,2008,5,15,11,19,24,23,25,11,8,20,22,20,22,3,29,17,14,21,20,23,19,20,5,24,12,29,23,17,27,20,9,29,22,21,22,8,8,9,25,24,19,15,16,23
MIN,2008,25,10,7,18,25,25,21,7,3,19,30,29,21,12,24,22,26,12,29,17,28,26,25,16,7,27,15,15,12,17,6,27,26,25,26,7,19,15,23,15,29,19,30,21
NOH,2008,14,6,8,8,6,8,3,12,15,10,29,28,11,14,16,16,13,8,28,3,1,9,14,15,16,16,16,21,6,15,11,21,1,1,27,3,18,10,12,1,4,14,28,5
NYK,2008,3,23,10,27,21,15,27,17,10,25,16,13,23,6,19,10,30,24,30,16,20,21,3,25,20,28,22,25,22,22,15,28,16,17,3,19,20,20,11,18,25,28,20,22
SEA,2008,9,8,3,23,29,30,28,2,1,28,23,24,9,11,3,2,16,23,12,29,12,16,9,27,28,18,27,24,28,26,28,13,15,15,10,23,25,26,29,29,26,25,27,27
ORL,2008,18,12,26,5,1,2,4,30,30,3,9,3,27,28,5,12,22,27,27,13,13,6,18,17,24,7,11,10,13,19,24,7,12,11,15,13,15,16,10,11,7,26,2,11
PHI,2008,22,13,17,11,30,29,30,3,2,15,19,10,30,2,28,14,23,4,12,12,7,23,22,11,8,20,19,20,14,10,5,20,3,3,28,18,3,4,24,7,22,6,18,7
PHO,2008,18,2,9,1,4,5,1,5,23,1,13,21,4,30,4,20,1,22,2,15,8,3,18,29,30,13,5,5,7,30,30,10,7,7,8,30,12,25,6,14,2,20,15,25
POR,2008,1,27,23,20,15,18,7,23,17,24,24,26,13,18,23,25,18,30,21,6,9,27,1,10,17,8,13,14,9,12,14,10,6,6,23,22,9,17,8,4,1,29,21,8
SAC,2008,9,14,19,10,17,21,9,13,14,12,2,4,3,24,20,29,29,7,26,30,24,8,9,23,21,22,25,26,25,18,16,22,25,26,14,25,9,18,22,26,27,8,3,24
SAS,2008,25,25,28,14,9,10,11,28,28,13,26,27,15,27,10,23,21,24,24,4,2,27,25,4,4,5,3,3,3,9,17,5,2,2,18,1,17,6,1,9,10,27,24,3
TOR,2008,9,7,13,7,12,14,2,10,11,11,27,30,2,26,14,28,5,19,25,2,4,13,9,12,13,15,28,28,21,4,4,16,4,4,30,4,22,13,16,1,5,12,29,10
UTA,2008,30,4,18,2,26,26,10,1,5,2,4,2,16,13,26,24,2,3,22,19,30,5,30,5,2,17,8,8,10,5,3,19,29,30,8,5,1,1,7,17,22,4,4,13
WAS,2008,1,20,16,22,11,9,17,22,20,18,12,19,5,8,27,19,27,10,15,7,5,14,1,13,9,19,30,30,30,3,1,17,9,8,16,13,11,12,27,5,9,12,21,12
ATL,2009,29,24,25,11,8,7,16,25,26,11,15,9,28,20,21,23,23,14,20,7,5,19,29,15,16,11,11,16,7,13,15,16,4,6,14,23,14,23,13,7,9,19,17,10
BOS,2009,7,9,28,2,19,21,1,13,20,2,12,11,18,21,7,9,4,7,17,28,28,11,7,1,9,1,8,13,5,1,9,2,20,22,17,6,2,2,3,12,13,9,7,3
NJN,2009,11,27,18,24,4,3,9,29,28,25,14,17,12,23,20,25,26,24,15,9,24,20,11,10,7,19,26,22,29,7,5,17,25,26,10,10,19,18,23,10,15,20,18,17
CHA,2009,2,29,30,18,23,22,15,23,21,19,26,18,27,18,25,27,10,19,14,27,20,30,2,6,4,10,16,20,14,5,3,12,10,11,4,12,4,3,6,19,30,8,13,9
CHI,2009,2,8,5,15,22,23,6,7,3,23,7,14,7,7,15,10,13,9,4,20,18,8,2,21,27,14,6,7,4,25,28,18,21,19,27,28,15,25,14,18,28,13,14,21
CLE,2009,21,14,24,6,3,5,2,24,29,8,19,15,21,18,8,7,20,15,7,6,9,13,21,2,10,2,5,12,1,4,10,3,11,9,15,13,4,4,4,4,6,18,20,1
DAL,2009,14,7,6,9,12,8,25,12,16,6,21,26,2,14,5,5,8,17,9,5,4,9,14,19,19,12,9,6,21,21,22,8,15,10,29,14,18,17,7,14,4,26,22,15
DEN,2009,27,10,22,5,16,17,13,14,18,5,2,1,20,15,12,15,6,3,2,25,26,6,27,11,18,4,27,27,15,8,13,4,26,24,24,26,7,16,19,24,27,5,2,18
DET,2009,4,22,17,20,28,28,26,8,5,22,28,27,24,10,17,16,16,29,19,2,19,28,4,5,6,8,1,2,9,11,18,7,18,17,20,8,12,10,12,1,7,29,27,8
GSW,2009,7,3,3,12,15,18,11,4,2,16,1,2,8,9,14,11,15,6,1,21,25,2,7,30,30,23,22,21,25,30,30,19,28,27,23,30,28,30,29,23,18,7,3,30
HOU,2009,14,23,21,22,7,6,10,27,24,17,17,21,5,22,2,4,22,26,24,16,2,17,14,13,17,5,4,4,11,19,27,5,2,2,1,11,9,6,8,13,23,28,16,7
IND,2009,11,4,2,19,4,4,8,11,10,18,18,23,3,12,3,2,9,20,8,19,27,5,11,21,26,15,18,18,19,22,19,11,29,29,12,19,29,28,16,21,26,15,15,26
LAC,2009,7,25,10,29,20,16,23,20,15,29,29,28,29,17,23,24,14,21,3,23,6,27,7,25,23,24,13,10,19,26,23,24,16,16,8,25,27,27,28,25,18,21,28,25
LAL,2009,21,2,4,4,17,15,19,2,6,3,11,8,14,3,6,1,2,2,10,11,17,3,21,18,24,6,24,28,3,12,16,10,9,13,2,24,11,19,26,21,14,4,8,13
MEM,2009,14,30,29,21,25,27,21,16,14,24,13,10,22,24,28,30,30,9,18,24,21,29,14,16,5,25,13,17,10,14,6,28,17,18,16,7,10,7,17,20,25,10,9,14
MIA,2009,1,13,15,16,11,9,22,17,19,12,27,24,23,26,22,28,18,5,5,3,16,18,1,8,8,13,25,18,28,6,7,9,19,20,18,17,21,21,10,6,5,6,26,12
MIL,2009,21,16,8,27,21,20,18,15,11,28,9,13,11,6,24,20,7,12,29,14,30,15,21,4,1,16,17,15,23,3,2,14,30,30,28,5,20,14,15,17,11,1,5,16
MIN,2009,14,21,7,29,18,13,24,18,13,27,22,19,15,5,18,14,17,28,28,17,22,21,14,20,13,26,13,8,22,23,17,25,23,23,22,3,22,13,20,16,29,27,24,22
NOH,2009,24,28,27,14,13,14,17,26,25,13,25,29,3,28,16,26,28,15,26,4,11,26,24,3,3,7,20,24,8,2,1,15,8,7,19,4,13,8,11,2,1,23,19,5
NYK,2009,14,5,1,28,1,1,20,28,27,15,24,22,10,13,9,8,11,11,30,18,13,4,14,29,29,28,19,24,6,29,26,30,14,15,6,22,30,29,22,26,24,11,29,28
OKC,2009,14,17,9,26,30,30,28,5,1,30,8,12,9,4,13,6,20,13,22,30,8,24,14,26,22,27,10,11,13,28,20,27,12,12,9,14,17,15,21,28,17,16,21,23
ORL,2009,27,26,26,16,2,2,7,30,30,7,10,4,30,27,1,3,29,22,6,12,10,10,27,9,20,3,2,3,2,17,29,1,6,8,3,9,25,24,2,9,2,25,6,6
PHI,2009,24,18,20,10,29,29,30,6,7,14,6,6,25,2,29,17,24,4,12,15,6,22,24,14,11,18,23,23,17,9,8,21,5,5,25,21,3,5,25,11,16,3,9,11
PHO,2009,24,1,11,1,14,19,5,1,12,1,5,5,26,16,10,12,3,18,10,29,15,1,24,27,28,22,28,26,26,24,25,20,22,21,21,27,6,12,18,30,10,14,4,27
POR,2009,11,15,23,8,9,12,4,19,22,10,20,16,17,1,27,12,19,25,13,8,12,14,11,7,2,17,7,5,18,9,11,13,7,4,30,2,1,1,5,3,3,24,12,4
SAC,2009,4,20,12,25,10,11,14,22,17,26,4,7,6,25,25,29,27,23,25,26,29,12,4,28,21,30,21,9,30,27,21,26,27,28,5,29,26,26,24,29,20,12,11,29
SAS,2009,4,12,19,7,6,10,3,21,23,9,30,30,19,30,4,18,12,30,27,1,1,23,4,12,15,9,3,1,24,18,24,6,1,1,13,1,24,11,1,8,8,30,30,2
TOR,2009,14,11,13,13,24,24,12,10,9,20,16,25,1,28,11,21,5,27,16,10,3,16,14,24,25,21,29,29,16,20,14,23,3,3,26,16,22,22,27,5,12,21,22,20
UTA,2009,7,6,16,3,27,26,26,3,4,4,3,3,13,11,19,19,1,1,21,22,23,7,7,17,12,20,12,14,12,15,12,22,24,25,11,18,8,9,9,27,21,2,1,18
WAS,2009,29,19,14,23,26,25,29,9,8,21,23,20,16,8,30,22,25,8,23,13,14,25,29,23,14,29,30,30,27,16,4,29,13,14,7,20,15,20,30,15,22,16,25,24
ATL,2010,10,6,12,11,14,15,9,8,11,11,21,23,15,6,23,17,12,15,14,1,8,13,10,13,10,16,5,7,9,16,14,16,3,6,3,20,13,15,17,2,7,20,28,10
BOS,2010,17,21,30,4,16,16,17,19,27,1,15,10,21,30,25,29,2,2,15,21,22,19,17,3,4,9,4,5,4,5,6,11,21,25,5,9,8,9,6,13,15,2,8,5
NJN,2010,17,30,24,30,27,27,29,25,9,30,11,15,6,16,29,28,30,20,19,16,10,30,17,20,9,27,3,3,27,24,22,24,15,18,6,22,26,27,28,25,21,19,23,17
CHA,2010,5,29,29,22,22,22,21,27,25,22,4,5,20,21,19,22,22,8,7,29,5,28,5,5,7,6,26,30,2,2,2,13,1,1,1,9,5,6,11,20,29,3,6,1
CHI,2010,2,18,10,23,29,29,28,3,2,26,18,20,18,12,2,1,19,24,2,15,11,24,2,12,26,3,27,28,12,9,12,4,13,14,2,18,22,22,15,13,23,24,24,13
CLE,2010,17,15,28,3,8,8,2,21,28,4,12,5,30,27,3,11,6,21,10,12,3,9,17,6,11,4,14,15,11,6,9,3,11,11,15,2,3,2,10,4,2,28,15,6
DAL,2010,5,11,14,12,10,13,5,15,15,15,16,25,1,24,10,17,3,10,6,3,1,11,5,18,19,15,16,18,10,17,19,15,7,5,16,20,23,25,9,7,5,10,21,15
DEN,2010,17,13,17,10,12,12,10,16,18,9,1,1,9,17,16,20,18,3,13,11,27,3,17,16,17,14,13,14,13,15,17,14,27,26,27,26,17,20,18,13,23,7,1,20
DET,2010,17,28,21,27,28,26,30,18,6,25,20,16,27,2,30,27,26,14,27,7,24,29,17,9,1,26,24,16,29,4,1,25,23,22,26,5,9,4,25,5,16,15,16,14
GSW,2010,26,2,1,8,7,7,4,5,7,10,5,11,4,29,27,30,5,1,25,19,30,2,26,30,29,29,23,16,28,30,29,26,30,30,25,30,29,30,29,26,17,1,10,30
HOU,2010,2,16,3,26,5,4,15,24,22,23,14,13,10,5,21,13,11,18,26,17,17,8,2,25,20,23,8,4,24,28,26,23,14,13,22,12,24,23,16,19,30,9,2,22
IND,2010,29,22,11,28,4,3,18,29,26,24,13,14,8,28,6,19,15,17,8,25,28,16,29,19,25,13,10,9,21,19,27,5,29,29,14,28,30,29,13,28,18,8,14,23
LAC,2010,29,25,22,20,19,14,27,20,19,19,28,26,26,13,17,14,9,23,3,28,2,27,29,21,18,21,18,12,22,21,24,21,12,12,20,13,16,13,27,29,9,26,27,19
LAL,2010,12,9,7,18,13,10,24,11,13,14,17,17,12,4,4,2,15,11,16,6,4,12,12,14,23,5,11,25,1,13,16,12,2,2,7,17,20,18,21,10,9,18,12,9
MEM,2010,2,4,7,9,30,30,26,1,1,13,8,4,25,1,18,4,29,7,18,27,12,7,2,27,24,24,25,26,15,25,14,28,7,7,12,15,2,7,23,24,28,17,2,24
MIA,2010,5,26,25,17,17,17,19,22,21,20,21,21,19,19,13,15,28,12,4,4,16,25,5,1,5,2,14,20,5,1,3,2,19,20,11,8,15,11,1,3,6,12,25,2
MIL,2010,1,20,2,29,6,5,12,26,17,29,30,29,17,8,11,7,14,19,20,5,25,23,1,2,3,10,2,2,7,7,8,8,26,27,23,1,27,24,4,10,21,4,20,7
MIN,2010,17,14,3,25,26,28,23,4,3,27,24,22,22,9,12,8,24,13,28,30,15,20,17,28,28,25,30,29,25,27,18,27,17,15,29,19,25,26,30,30,25,16,17,29
NOH,2010,12,7,9,12,9,9,8,13,14,12,29,30,7,22,24,25,8,9,30,9,6,17,12,26,15,28,19,19,18,26,13,29,5,4,8,11,21,17,26,12,12,14,26,21
NYK,2010,5,12,6,20,2,2,19,28,29,8,26,28,4,23,20,23,13,16,29,13,9,9,5,29,27,30,21,23,14,29,23,30,9,9,9,27,28,28,18,17,13,13,29,28
OKC,2010,15,19,20,14,25,23,25,9,8,18,2,3,2,10,8,3,23,6,1,24,20,14,15,10,14,7,7,10,3,12,21,7,18,17,21,25,7,10,7,21,14,5,11,11
ORL,2010,26,24,27,7,1,1,3,30,30,2,10,7,29,25,1,5,25,27,5,14,7,6,26,8,16,1,12,11,23,8,20,1,3,3,10,3,14,8,2,6,1,27,4,4
PHI,2010,15,17,15,16,21,21,22,10,12,15,27,27,16,11,26,21,17,5,8,18,14,22,15,17,8,22,28,21,30,11,7,18,16,16,24,14,12,12,22,22,3,11,30,18
PHO,2010,26,1,13,1,3,6,1,12,24,3,5,9,11,15,7,6,4,29,12,20,18,1,26,24,30,11,22,24,17,22,30,9,21,21,17,29,6,21,14,27,11,25,7,26
POR,2010,10,27,26,15,18,19,13,23,23,17,9,12,3,14,28,26,21,25,24,2,19,21,10,7,2,18,5,8,6,10,5,20,6,8,4,4,1,1,5,1,4,23,9,3
SAC,2010,5,9,5,19,20,20,16,7,4,21,25,18,28,3,14,10,20,21,23,23,26,18,5,23,22,20,9,6,19,23,25,19,24,24,28,16,19,16,12,18,27,21,22,25
SAS,2010,17,8,18,6,11,11,11,14,20,7,19,18,24,18,5,9,7,26,22,10,13,15,17,11,13,12,1,1,7,20,28,5,10,9,13,5,10,5,3,8,20,30,19,8
TOR,2010,17,5,19,5,15,18,6,6,16,6,7,8,13,26,15,23,10,30,21,7,23,5,17,22,21,19,29,27,26,18,10,22,25,23,30,23,11,14,24,16,8,29,13,27
UTA,2010,25,3,23,2,23,25,7,2,10,5,3,2,23,20,9,12,1,4,16,26,29,4,25,4,6,8,20,22,16,3,4,10,28,28,19,7,4,3,8,23,26,5,5,12
WAS,2010,12,23,16,24,24,24,14,17,5,28,23,24,14,7,22,16,27,28,11,21,21,26,12,15,12,17,17,13,20,14,11,17,20,19,18,24,18,19,20,9,19,22,18,16
ATL,2011,28,23,25,12,17,16,18,21,23,12,29,29,6,29,20,28,12,29,28,9,1,26,28,14,10,18,5,8,4,15,13,19,4,3,25,6,16,10,16,3,5,29,29,9
BOS,2011,20,20,30,1,26,28,12,7,20,3,20,22,11,30,13,29,4,3,27,22,15,23,20,1,4,3,3,2,5,2,9,2,14,16,9,8,4,4,1,9,10,5,22,1
NJN,2011,1,27,15,28,21,20,22,23,9,27,25,23,19,14,23,17,19,30,16,14,25,28,1,16,12,19,10,10,19,17,18,17,21,22,6,7,21,20,21,4,13,30,25,15
CHA,2011,18,29,28,22,27,26,29,20,15,21,13,12,21,21,22,24,18,28,8,21,8,29,18,8,8,10,24,26,16,8,3,15,13,9,29,2,10,5,18,16,29,27,13,11
CHI,2011,12,18,22,13,15,17,13,12,14,16,14,11,26,7,4,2,9,17,5,17,9,20,12,2,9,1,1,4,1,7,19,1,9,8,15,4,1,1,2,7,26,15,24,2
CLE,2011,27,28,13,29,16,13,23,27,16,28,8,8,24,19,21,22,20,26,28,18,12,25,27,26,20,27,30,27,30,18,14,20,7,7,10,17,30,26,28,22,28,25,10,23
DAL,2011,29,13,24,5,8,5,11,25,29,1,24,27,8,28,6,14,2,23,24,12,4,11,29,11,15,8,11,17,7,13,12,10,3,5,5,14,14,13,10,23,2,24,23,10
DEN,2011,29,6,17,3,7,8,3,19,25,5,2,1,16,26,5,11,10,13,24,16,18,1,29,21,26,16,23,29,8,19,16,21,19,19,8,9,19,18,20,19,27,20,1,21
DET,2011,6,16,13,17,20,22,6,9,7,22,28,25,27,12,29,30,17,16,30,2,7,22,6,18,5,30,14,15,14,20,6,30,16,14,17,11,15,12,27,7,15,14,27,16
GSW,2011,12,1,1,14,4,6,2,11,10,19,30,30,17,10,26,19,7,2,12,23,24,7,12,22,19,21,22,22,13,22,17,26,29,29,26,30,26,30,29,29,6,2,30,27
HOU,2011,6,4,4,21,6,4,9,17,18,17,5,7,4,9,12,7,1,21,19,8,11,3,6,29,29,22,4,1,15,30,30,18,17,13,30,25,20,24,12,15,22,21,8,22
IND,2011,20,22,9,25,10,9,16,26,17,25,6,10,5,13,3,5,28,20,6,27,22,13,20,17,23,7,12,11,17,16,24,6,23,23,4,23,25,25,7,21,25,17,7,17
LAC,2011,10,21,20,20,14,11,25,14,22,13,8,4,29,10,15,9,10,19,13,29,20,19,10,15,17,11,25,25,20,12,10,12,25,25,23,21,8,9,22,27,18,21,2,20
LAL,2011,12,10,11,11,12,14,17,8,11,11,10,17,7,5,7,3,13,14,10,5,2,9,12,13,27,5,20,28,3,11,20,5,1,1,16,29,7,19,22,12,11,23,18,8
MEM,2011,6,3,8,6,30,30,27,1,1,15,17,15,23,6,24,16,21,1,7,12,17,12,6,9,7,14,27,23,24,9,5,13,12,12,11,18,4,8,14,20,30,1,8,13
MIA,2011,20,19,29,2,11,15,7,18,27,2,3,3,12,27,2,9,26,26,9,11,14,8,20,5,13,2,18,21,9,1,7,4,10,17,2,9,2,2,5,9,1,28,5,6
MIL,2011,12,30,23,30,19,18,24,29,19,30,27,23,20,18,16,18,30,11,14,7,16,30,12,3,3,6,2,5,2,10,8,7,15,11,21,5,27,21,6,2,16,7,19,3
MIN,2011,20,12,2,27,9,10,5,15,6,29,12,18,13,1,11,1,25,17,10,30,27,10,20,25,28,22,29,30,27,21,15,24,28,28,28,20,22,23,30,30,21,12,15,30
NOH,2011,12,26,26,18,22,25,14,16,13,20,23,21,15,24,19,24,21,9,20,3,18,27,12,6,2,13,19,19,12,2,1,16,5,4,22,1,12,3,15,1,17,10,20,5
NYK,2011,20,8,6,19,2,2,8,28,28,8,4,6,2,22,18,20,15,8,4,10,21,2,20,27,25,26,16,14,25,27,26,23,24,24,13,26,28,28,8,13,9,6,16,28
OKC,2011,1,14,18,10,18,19,19,10,12,9,1,2,1,15,8,8,24,6,2,15,28,5,1,19,21,15,9,6,18,24,28,11,20,21,2,24,6,10,13,14,7,16,6,18
ORL,2011,12,24,27,16,1,1,10,30,30,4,22,5,30,17,1,6,27,24,16,25,10,16,12,4,11,4,13,16,10,4,11,3,8,10,1,3,11,7,4,17,3,19,4,4
PHI,2011,4,11,10,15,23,24,15,4,5,18,26,26,10,20,10,13,6,10,23,1,6,18,4,11,14,9,6,9,6,14,23,9,18,18,24,15,24,22,17,11,14,13,28,12
PHO,2011,1,2,7,7,3,3,4,13,24,6,19,20,18,25,17,23,3,25,22,19,13,4,1,30,30,25,26,24,21,28,25,27,11,15,7,27,29,29,25,26,7,11,12,29
POR,2011,18,25,19,24,13,12,21,24,21,23,18,28,3,4,30,27,16,5,21,4,5,24,18,7,1,20,15,13,23,5,2,22,6,6,19,12,3,6,3,5,4,4,11,7
SAC,2011,10,9,3,23,25,21,26,3,3,24,21,15,28,2,14,4,23,12,15,28,23,15,10,28,22,28,8,7,11,29,27,28,21,20,13,12,18,16,19,28,24,8,14,25
SAS,2011,20,5,16,4,4,7,1,22,26,7,11,14,14,23,9,12,8,14,18,6,3,6,20,20,24,12,7,3,22,25,29,8,2,2,18,16,17,17,9,6,12,26,17,14
TOR,2011,20,7,12,8,29,29,30,2,4,10,15,19,22,8,27,21,14,21,26,24,25,17,20,24,16,29,17,12,28,26,21,29,26,26,20,19,12,15,24,25,23,18,26,26
UTA,2011,6,15,21,9,24,22,20,6,8,14,7,9,9,16,28,26,4,7,3,20,30,14,6,9,6,17,28,20,29,5,4,13,30,30,27,22,9,14,11,18,19,9,3,19
WAS,2011,4,17,5,25,28,27,28,5,2,26,16,12,25,3,25,15,29,4,1,26,29,21,4,23,18,24,21,18,26,23,22,25,27,27,12,28,23,27,26,24,20,3,21,24
ATL,2012,1,14,19,11,8,10,5,20,23,10,23,25,23,28,11,23,8,10,23,5,6,17,1,14,16,11,5,7,10,17,20,11,4,5,15,6,23,16,14,7,10,9,20,6
BOS,2012,16,23,30,5,22,24,7,16,16,9,25,27,5,30,15,30,2,16,6,17,18,26,16,1,7,1,2,4,1,5,16,2,18,19,22,23,21,21,1,15,9,5,24,2
NJN,2012,26,28,21,28,6,3,18,29,28,27,13,16,6,11,30,26,22,19,30,19,12,24,26,23,10,28,18,9,29,23,15,28,14,18,5,22,14,19,29,22,16,18,19,24
CHA,2012,26,30,23,30,29,27,30,21,5,30,16,14,20,26,28,29,19,29,8,16,10,30,26,28,18,29,9,8,22,28,22,29,15,15,13,21,30,29,28,11,25,25,9,27
CHI,2012,16,10,8,12,17,18,4,12,8,18,27,23,27,1,2,1,5,24,3,6,2,18,16,6,19,2,1,1,3,14,30,1,3,3,4,17,1,3,2,6,20,26,28,1
CLE,2012,10,29,18,29,14,16,15,28,19,29,9,6,28,4,22,14,23,22,29,26,20,25,10,26,21,27,25,18,24,24,18,27,12,13,11,18,22,20,25,20,28,22,6,26
DAL,2012,3,19,14,19,7,4,19,25,25,11,22,26,9,27,3,11,15,4,14,8,8,19,3,11,17,7,28,29,12,8,7,8,11,11,12,9,28,26,13,29,1,14,27,12
DEN,2012,6,2,15,2,16,13,24,3,17,1,3,1,25,17,7,8,1,9,16,25,17,1,6,27,26,24,30,30,30,12,11,20,7,7,20,14,6,5,27,20,30,6,1,29
DET,2012,10,25,24,25,26,26,13,17,10,26,14,15,18,12,29,27,28,23,26,28,16,27,10,13,4,25,6,3,20,15,8,25,20,20,26,4,9,8,24,30,21,17,16,14
GSW,2012,23,7,10,7,3,9,2,18,18,12,29,29,11,29,24,28,9,11,6,4,27,12,23,19,21,20,27,26,28,18,17,17,28,28,9,30,27,30,25,11,15,12,29,28
HOU,2012,3,7,3,14,9,10,9,14,12,14,24,28,3,14,17,15,12,18,20,14,22,9,3,20,20,23,4,6,3,26,23,24,19,17,27,12,13,14,10,9,19,13,25,19
IND,2012,8,22,16,24,19,22,6,19,11,28,2,3,3,6,10,4,29,15,9,7,28,13,8,8,12,6,21,22,16,5,9,6,24,25,2,24,12,17,6,3,27,10,4,10
LAC,2012,10,13,17,10,5,5,12,22,26,7,21,10,29,8,27,22,13,6,22,2,25,14,10,5,1,14,26,24,27,2,1,12,27,27,8,6,5,2,16,2,5,16,5,13
LAL,2012,3,14,22,8,23,19,26,8,13,6,8,9,16,9,1,2,7,30,11,20,1,15,3,22,30,9,23,25,14,22,28,7,1,1,6,19,7,9,23,28,8,30,10,15
MEM,2012,16,16,12,16,27,28,25,2,2,22,10,13,13,5,26,16,24,1,12,14,19,20,16,4,3,12,13,13,11,4,4,13,21,22,25,12,8,7,4,16,22,1,18,5
MIA,2012,6,12,26,4,20,23,10,6,14,4,6,8,7,24,12,21,21,3,10,23,14,7,6,7,8,5,29,27,26,1,5,5,8,12,1,10,3,1,8,26,3,3,8,4
MIL,2012,28,4,2,20,15,17,16,9,7,20,15,19,8,7,20,12,3,7,15,10,13,5,28,18,23,16,19,21,17,20,19,15,25,23,29,27,25,27,22,11,6,4,17,22
MIN,2012,16,21,11,27,11,6,23,26,24,23,4,5,10,10,8,5,24,26,24,21,7,10,16,29,29,22,9,12,7,29,29,21,9,8,17,20,24,23,21,26,24,27,3,25
NOH,2012,16,24,29,13,30,30,22,13,9,17,20,21,15,20,19,24,16,21,21,27,21,29,16,8,5,13,15,28,2,9,2,23,17,16,21,16,4,4,17,19,26,23,22,8
NYK,2012,16,20,20,18,4,2,21,27,29,8,7,7,22,15,18,18,18,2,27,29,24,11,16,10,6,10,24,20,23,7,6,9,23,24,3,8,16,15,3,24,18,2,2,11
OKC,2012,8,11,25,3,12,12,11,15,27,2,1,2,1,19,3,6,30,16,1,30,23,3,8,16,28,4,14,17,9,16,27,4,22,21,28,29,1,12,9,25,13,19,11,17
ORL,2012,10,26,27,22,1,1,3,30,30,16,28,12,30,16,12,13,20,25,28,18,5,21,10,12,9,15,12,11,13,11,12,15,5,4,30,1,17,13,12,9,2,29,13,7
PHI,2012,23,9,5,15,24,25,8,4,3,25,30,30,21,22,6,7,10,14,13,1,4,22,23,3,11,3,3,2,6,10,21,3,6,6,14,5,29,25,7,1,12,21,30,3
PHO,2012,30,5,9,6,13,15,17,11,15,5,19,21,14,21,16,19,6,27,5,9,9,8,30,24,24,21,7,5,18,27,25,18,13,10,24,25,20,22,19,23,4,20,15,21
POR,2012,10,18,13,17,9,8,14,23,22,15,11,18,2,18,22,25,17,11,18,11,11,16,10,21,14,26,21,15,25,21,13,26,10,9,10,14,18,17,18,11,11,11,14,18
SAC,2012,23,6,1,26,18,14,29,5,4,18,12,11,24,2,24,10,26,5,17,13,15,6,23,30,27,30,20,18,21,30,24,30,16,14,23,28,26,28,30,16,29,7,12,30
SAS,2012,16,1,7,1,2,7,1,10,21,3,18,17,19,25,5,9,4,20,24,3,3,2,16,25,25,17,11,10,19,25,26,14,2,2,18,3,15,11,5,5,16,24,21,16
TOR,2012,10,27,28,23,21,20,19,24,20,24,17,20,12,23,9,17,14,28,19,21,30,28,10,2,2,8,8,16,5,3,3,10,30,30,7,2,11,6,11,4,14,28,26,9
UTA,2012,1,3,4,9,28,29,27,1,1,12,5,4,17,3,14,3,11,8,4,12,29,4,1,15,13,18,17,22,8,13,10,22,29,29,16,11,10,10,15,7,23,15,7,23
WAS,2012,28,17,6,21,25,20,28,7,6,21,26,24,26,12,21,20,27,13,2,24,26,22,28,17,15,18,16,14,15,19,14,19,26,26,19,26,18,24,20,18,7,8,23,20
ATL,2013,7,12,21,7,5,5,7,22,26,8,28,27,26,27,11,23,2,14,23,21,3,14,7,18,20,13,20,14,28,16,20,9,3,3,26,21,26,25,15,25,6,9,25,13
BOS,2013,11,17,28,6,25,26,15,9,17,9,19,22,6,30,12,29,12,11,22,13,27,18,11,8,15,7,10,13,4,10,15,8,23,26,8,22,24,23,11,15,10,8,18,12
BRK,2013,7,26,27,13,9,8,17,28,25,13,11,7,24,5,21,10,27,19,18,17,4,17,7,16,9,23,4,3,21,23,21,20,1,1,1,7,2,3,8,9,12,26,5,6
CHA,2013,16,30,20,30,27,27,27,24,11,30,4,5,18,16,28,27,29,22,6,8,10,26,16,27,17,27,30,28,29,19,7,26,11,14,9,25,25,27,30,2,30,21,6,29
CHI,2013,12,27,14,25,29,29,21,14,6,28,17,19,9,6,14,8,8,23,15,10,12,29,12,4,8,9,2,1,5,16,24,5,14,18,6,11,10,9,1,6,22,23,17,3
CLE,2013,26,20,6,29,17,17,23,18,9,26,13,15,14,7,30,22,26,17,29,7,26,19,26,20,6,30,16,15,25,20,6,28,26,28,6,9,15,15,28,11,29,9,16,25
DAL,2013,1,3,8,8,12,14,6,5,10,10,20,25,2,26,6,16,5,16,8,5,23,8,1,17,23,12,26,25,17,11,17,13,29,29,15,27,29,29,13,30,5,17,24,27
DEN,2013,3,1,2,4,20,19,25,1,3,4,6,3,28,1,10,2,3,2,3,27,21,1,3,22,29,11,29,29,20,13,19,12,15,21,2,30,6,10,25,18,28,3,4,23
DET,2013,16,21,23,14,22,24,18,17,15,19,22,12,29,8,20,13,22,26,16,25,13,22,16,15,12,21,15,16,18,15,8,22,20,17,25,17,11,14,17,26,21,22,15,18
GSW,2013,16,6,9,11,8,13,1,16,14,18,14,18,4,22,1,3,15,27,27,23,29,7,16,14,25,4,27,30,7,8,12,11,24,25,11,16,20,20,24,21,15,24,20,19
HOU,2013,21,9,10,9,2,2,9,29,29,6,3,4,17,17,7,7,6,9,24,30,18,2,21,26,28,17,28,27,22,21,22,16,17,12,29,5,12,11,18,28,26,14,9,28
IND,2013,30,29,25,26,16,15,22,27,20,24,7,8,19,4,5,1,28,24,4,26,14,23,30,2,16,1,1,2,1,7,27,1,9,8,23,19,8,8,2,10,20,25,3,2
LAC,2013,26,4,24,4,10,9,16,10,23,2,18,9,27,15,17,18,4,1,7,14,24,9,26,3,3,10,23,18,26,1,2,6,25,24,13,10,1,2,14,8,4,1,7,4
LAL,2013,24,16,22,10,4,3,19,26,27,7,2,1,30,14,2,4,17,25,14,22,2,6,24,30,30,14,18,20,14,29,29,14,2,2,3,23,14,19,23,29,13,29,1,22
MEM,2013,16,23,18,21,30,30,24,3,1,25,16,16,10,3,24,11,24,4,12,5,17,27,16,1,1,3,3,6,2,2,4,3,7,10,12,3,4,1,4,6,19,6,13,1
MIA,2013,4,5,30,1,3,6,2,19,28,1,12,10,16,28,16,30,7,3,10,4,8,5,4,6,10,6,21,24,11,4,5,10,8,7,27,20,5,5,5,17,1,5,10,5
MIL,2013,12,7,1,28,13,11,14,12,2,27,26,23,22,2,13,5,9,8,2,9,9,12,12,23,24,15,7,9,8,28,28,14,21,19,20,29,30,30,21,18,9,2,22,20
MIN,2013,26,25,13,24,28,21,30,13,12,16,5,6,21,11,19,14,16,5,19,20,6,20,26,21,13,24,13,11,23,22,16,23,4,5,14,4,18,16,16,20,24,4,2,15
NOH,2013,21,24,26,15,19,22,11,20,18,21,25,26,8,10,26,17,23,30,11,12,19,25,21,13,4,26,24,19,27,9,3,27,13,11,19,2,6,4,22,16,25,27,27,14
NYK,2013,26,19,16,18,1,1,5,30,30,11,21,20,13,19,25,26,30,12,30,1,15,11,26,5,2,19,25,25,15,3,1,23,18,16,16,1,19,11,3,1,3,11,19,7
OKC,2013,12,8,29,3,14,16,3,11,21,5,1,2,1,25,3,6,21,9,1,27,16,3,12,9,27,2,16,22,6,5,23,2,16,13,28,28,3,6,6,22,2,13,8,9
ORL,2013,21,10,4,17,24,18,29,2,7,14,29,30,15,19,9,12,10,29,25,11,11,24,21,24,22,22,19,21,16,24,18,25,12,15,4,8,23,21,27,5,18,30,29,24
PHI,2013,24,14,7,22,21,25,13,7,5,23,30,29,25,18,15,20,11,18,20,2,5,30,24,12,11,16,9,12,9,18,13,19,10,9,21,14,27,26,19,4,13,19,30,9
PHO,2013,16,13,3,23,26,23,28,4,4,22,27,28,20,12,23,18,14,15,13,29,22,21,16,25,18,25,12,4,30,27,26,21,22,20,18,24,21,22,19,24,17,7,28,26
POR,2013,7,18,11,16,6,4,20,25,24,12,23,24,6,23,18,24,18,28,26,16,7,15,7,29,19,29,6,10,3,30,25,29,6,6,24,11,17,17,26,26,8,28,26,21
SAC,2013,12,11,4,19,11,10,12,15,13,20,10,13,11,13,29,25,25,13,28,15,25,10,12,28,21,28,22,23,13,26,13,29,28,27,30,26,22,24,29,11,27,15,14,30
SAS,2013,4,2,19,2,7,7,4,6,22,3,15,21,3,29,4,21,1,6,9,17,1,4,4,19,26,8,5,5,12,25,30,4,5,4,22,18,16,18,8,23,16,12,23,11
TOR,2013,1,21,17,20,15,12,26,21,19,15,8,14,5,24,26,28,20,21,17,3,30,16,1,10,5,18,8,7,19,11,9,18,30,30,10,6,13,13,12,3,11,20,12,17
UTA,2013,4,15,12,12,23,28,8,8,8,17,9,11,12,9,22,14,13,7,5,19,28,13,4,11,7,20,11,8,24,14,11,17,27,23,17,11,9,7,7,14,23,16,11,15
WAS,2013,7,28,15,27,18,20,10,23,15,29,24,16,23,21,7,9,19,20,21,24,20,28,7,7,14,5,14,17,9,6,10,7,18,22,5,14,28,28,10,13,7,18,21,8
ATL,2014,15,18,24,13,5,2,13,27,27,8,18,22,6,29,18,28,2,9,26,24,7,15,15,23,19,21,15,15,20,19,17,19,7,7,4,16,25,24,24,26,12,10,20,15
BOS,2014,29,23,10,28,20,18,28,19,12,26,24,27,10,7,24,18,22,23,23,27,19,26,29,17,11,23,5,4,5,24,19,22,19,17,21,12,14,13,16,11,13,18,28,13
BRK,2014,7,29,29,12,10,10,11,30,28,9,10,10,18,28,28,29,24,4,28,12,21,21,7,7,4,17,17,17,23,6,3,17,21,21,19,21,13,18,11,10,9,6,11,11
CHA,2014,6,25,21,25,25,27,23,14,8,27,14,11,24,25,7,16,16,29,8,1,1,23,6,10,16,6,19,16,24,9,15,5,2,2,18,1,28,21,9,2,21,28,9,4
CHI,2014,4,30,27,30,26,28,24,26,13,30,12,15,7,11,9,10,10,21,7,18,4,30,4,2,9,2,3,3,8,7,20,2,3,3,9,13,6,7,2,14,28,16,10,1
CLE,2014,4,19,8,27,18,20,18,16,5,29,17,18,20,6,14,11,20,24,29,10,11,22,4,16,20,12,30,30,22,8,5,13,8,8,16,5,22,15,28,6,27,24,24,16
DAL,2014,15,2,11,4,8,12,2,10,19,6,20,23,3,22,23,26,6,5,21,3,10,8,15,14,10,22,22,24,15,13,7,26,20,19,17,24,10,16,15,17,4,5,21,20
DEN,2014,25,11,5,19,11,9,15,17,15,16,8,5,27,4,8,2,12,18,4,28,30,9,25,26,27,15,11,10,7,27,27,14,29,28,22,23,23,26,19,27,24,16,7,28
DET,2014,22,8,4,20,27,22,29,2,2,13,16,6,30,1,22,3,24,8,13,13,12,14,22,25,15,27,23,23,21,20,12,29,15,16,13,20,18,19,27,25,18,12,12,27
GSW,2014,15,3,6,9,2,6,4,13,20,10,26,24,19,17,2,5,7,13,10,22,22,10,15,9,22,4,8,9,3,16,25,3,23,20,25,14,24,20,8,22,10,11,26,10
HOU,2014,15,15,26,5,1,1,16,25,30,2,1,1,28,15,3,4,18,17,3,29,15,2,15,24,29,7,20,25,9,21,26,7,10,11,15,28,3,8,17,28,26,22,1,23
IND,2014,22,28,28,17,22,25,17,23,18,22,13,16,8,23,1,8,27,27,5,19,13,24,22,1,14,1,3,5,4,5,23,1,6,6,11,9,7,5,1,8,14,26,6,2
LAC,2014,25,4,17,3,13,8,22,11,24,3,3,2,26,21,10,14,3,6,12,7,20,1,25,13,23,5,9,14,1,18,21,10,22,22,12,29,11,25,25,3,3,7,3,14
LAL,2014,30,13,7,14,2,7,3,24,21,19,19,20,17,27,15,25,4,19,5,21,9,11,30,30,30,25,20,22,17,30,29,25,12,14,2,30,30,30,29,30,16,19,27,29
MEM,2014,20,14,22,7,30,30,19,1,1,11,30,29,23,9,21,19,14,14,16,4,5,27,20,3,3,9,13,11,12,4,6,11,5,4,27,2,1,1,4,7,19,20,29,3
MIA,2014,7,12,30,1,14,15,12,12,29,1,15,17,14,30,30,30,11,2,18,16,8,12,7,6,2,16,24,26,18,2,2,20,9,10,5,17,2,2,12,23,1,2,16,5
MIL,2014,7,26,20,26,23,24,20,22,11,28,21,19,21,8,29,24,17,28,11,20,18,28,7,22,12,25,26,19,30,15,10,22,17,18,6,26,17,23,22,20,20,21,14,25
MIN,2014,10,7,1,23,17,16,26,5,4,20,2,3,9,2,13,6,5,3,30,8,3,3,10,29,26,29,18,18,19,28,24,28,1,1,14,19,26,28,23,21,23,3,2,26
NOP,2014,10,17,17,11,29,29,6,4,3,17,11,12,11,13,25,22,19,12,1,6,27,18,10,12,5,24,14,20,13,11,4,27,28,29,8,15,8,9,20,4,29,15,19,19
NYK,2014,10,20,19,16,7,5,7,29,26,13,28,28,13,20,27,27,28,14,18,2,24,20,10,4,1,19,28,27,27,1,1,18,25,23,24,6,15,10,3,1,2,14,22,8
OKC,2014,20,6,15,6,15,14,14,8,22,5,5,8,2,18,6,6,13,10,2,25,28,5,20,8,18,3,27,28,14,3,9,4,18,25,1,18,4,3,13,24,5,9,18,12
ORL,2014,2,22,14,21,21,21,21,15,10,25,25,26,12,24,12,21,22,16,22,17,16,25,2,20,21,13,16,13,26,17,18,12,13,12,29,10,27,27,21,5,22,23,30,17
PHI,2014,10,16,2,29,19,13,30,7,6,21,22,14,29,10,19,15,15,1,25,30,25,19,10,28,24,28,29,29,25,23,13,30,30,30,10,27,29,29,30,29,30,1,15,30
PHO,2014,25,10,12,8,6,4,8,21,25,7,9,9,16,14,16,13,29,7,17,26,23,7,25,19,17,14,6,8,2,24,22,16,27,26,28,22,12,16,5,12,8,8,8,21
POR,2014,10,5,3,15,4,3,10,18,17,15,7,13,1,3,4,1,9,30,14,5,6,4,10,27,28,11,2,2,11,29,30,8,11,9,26,25,19,22,7,19,6,30,13,22
SAC,2014,15,21,16,18,28,26,27,6,7,17,4,4,15,5,11,9,30,22,27,23,26,17,15,18,13,20,25,21,29,12,11,15,26,27,3,3,9,6,26,18,24,27,4,24
SAS,2014,25,1,13,2,12,16,1,3,14,4,27,30,4,26,4,12,1,20,9,11,2,6,25,14,25,8,1,1,10,26,28,6,4,5,20,11,15,12,6,15,15,25,25,6
TOR,2014,2,24,23,22,9,11,9,28,23,23,6,7,5,12,20,17,21,25,23,9,29,13,2,5,6,10,7,6,16,10,14,9,24,24,7,8,5,4,10,9,11,13,5,7
UTA,2014,22,27,25,24,24,23,25,20,16,24,23,21,22,16,26,23,26,26,20,14,17,29,22,21,8,30,10,7,28,22,16,24,16,15,30,7,21,14,14,13,17,29,17,18
WAS,2014,1,9,9,10,16,19,5,8,9,12,29,25,25,19,17,20,8,11,15,15,13,16,1,11,7,18,12,12,5,14,8,21,14,13,23,4,20,11,18,16,7,4,23,9
ATL,2015,26,10,27,4,5,7,2,26,28,4,19,24,5,30,22,28,2,5,15,16,1,10,26,8,12,6,29,30,7,2,2,13,3,2,28,24,14,18,24,8,18,6,20,5
BOS,2015,8,5,1,21,13,13,27,7,11,14,28,27,14,12,11,13,4,8,30,10,20,13,8,23,23,17,9,10,4,24,24,18,19,17,20,13,25,26,14,6,21,10,26,21
BRK,2015,3,18,17,16,24,20,26,9,12,12,18,18,20,24,17,22,20,23,25,10,11,21,3,26,20,22,25,24,23,16,14,22,4,9,2,21,19,23,27,17,11,20,18,18
CHO,2015,6,26,10,29,26,24,30,17,5,29,13,15,19,26,6,10,28,30,7,1,2,28,6,9,18,8,15,11,22,10,20,7,6,4,30,1,30,21,15,1,23,27,9,7
CHI,2015,8,23,18,22,15,16,10,22,19,23,3,4,3,6,7,3,14,28,5,12,4,15,8,16,29,4,3,3,3,27,29,2,5,8,15,27,9,14,5,12,25,29,6,9
CLE,2015,23,15,24,8,4,2,5,28,29,7,9,12,18,11,21,18,10,19,25,17,5,8,23,22,16,20,13,15,9,21,15,24,1,1,11,12,4,3,30,15,10,22,11,13
DAL,2015,8,2,8,5,7,8,13,11,20,3,15,16,16,20,23,23,8,10,20,4,15,3,8,21,21,16,30,28,27,11,8,14,16,14,19,30,26,29,17,7,4,4,2,25
DEN,2015,8,13,2,26,13,12,28,16,13,22,8,8,24,3,12,7,13,14,21,15,30,12,8,27,19,25,10,12,12,26,22,25,30,30,13,17,28,27,20,10,29,14,10,27
DET,2015,18,20,6,27,9,11,17,23,17,25,26,17,29,2,16,4,16,16,13,8,7,18,18,17,13,20,14,8,21,17,17,20,11,5,29,11,22,20,28,5,15,18,24,14
GSW,2015,26,1,3,1,2,4,1,10,21,2,23,26,9,23,4,6,1,4,2,18,13,1,26,10,27,1,6,7,5,15,28,1,25,24,27,27,18,24,9,25,2,5,27,15
HOU,2015,20,21,12,20,1,1,14,29,30,5,5,2,27,7,18,14,9,3,10,28,27,6,20,15,25,12,8,18,1,21,23,17,20,19,17,29,13,19,12,29,22,3,7,17
IND,2015,13,24,15,23,17,18,12,19,15,24,16,18,13,21,3,5,18,29,17,14,22,24,13,3,8,3,5,6,11,9,21,3,21,21,18,2,20,10,2,13,14,26,4,4
LAC,2015,26,3,13,2,3,5,3,18,26,1,7,4,28,28,10,20,3,15,9,2,24,2,26,7,7,11,23,25,15,5,5,12,28,28,5,9,16,13,21,2,1,15,3,16
LAL,2015,3,19,9,25,25,25,17,12,3,27,12,11,23,8,13,12,21,22,22,5,21,19,3,28,13,29,26,23,26,18,8,29,29,29,9,6,27,22,29,10,17,24,23,29
MEM,2015,6,14,23,9,29,29,22,1,2,19,10,14,7,21,15,21,15,6,24,7,9,20,6,4,5,10,18,21,18,3,6,10,2,2,7,8,11,8,4,8,20,8,15,2
MIA,2015,26,28,30,11,21,19,24,24,25,9,11,10,22,29,28,30,30,13,18,21,14,27,26,5,1,19,19,20,20,4,1,23,13,16,1,14,2,2,11,18,8,11,8,6
MIL,2015,3,16,26,7,23,26,7,6,8,16,24,25,12,17,25,24,7,1,11,29,28,22,3,1,4,5,20,26,8,1,3,9,22,22,6,22,7,12,18,27,16,1,17,8
MIN,2015,20,25,16,24,30,30,25,3,1,26,2,3,6,9,30,27,16,9,27,23,10,23,20,30,22,30,26,22,28,30,18,30,7,6,25,26,12,17,25,26,26,9,5,30
NOP,2015,23,11,19,10,19,23,4,12,9,21,20,20,17,10,19,16,11,25,1,6,6,16,23,18,11,23,2,3,2,28,26,21,12,10,24,10,5,5,8,3,28,28,29,11
NYK,2015,13,29,25,28,20,21,15,25,14,28,29,29,8,18,29,29,19,24,14,20,25,30,13,10,3,27,24,13,30,8,4,19,27,27,25,15,17,16,13,23,7,17,25,21
OKC,2015,18,6,4,18,16,14,23,4,7,17,6,6,14,1,2,1,25,21,6,19,29,5,18,14,26,9,21,27,10,13,16,11,23,23,10,19,8,10,15,15,12,21,12,24
ORL,2015,25,17,20,14,22,22,16,12,10,17,30,30,25,25,24,25,23,12,29,22,19,25,25,19,6,28,22,16,29,14,7,26,14,13,16,7,21,15,23,14,24,12,30,23
PHI,2015,20,30,22,30,11,6,29,30,27,30,22,9,30,5,26,19,24,1,4,30,26,29,20,13,9,15,17,17,17,12,10,16,24,25,21,23,29,30,26,30,27,2,16,20
PHO,2015,8,7,6,15,10,10,21,15,18,10,21,21,11,13,14,17,27,6,12,25,23,11,8,25,24,18,11,9,19,23,25,15,26,26,23,25,24,28,10,20,5,7,14,26
POR,2015,13,8,5,17,6,3,8,21,22,11,27,28,1,16,1,2,12,27,18,9,2,9,13,24,30,7,1,2,6,29,30,5,8,7,22,18,23,25,6,21,3,30,28,11
SAC,2015,13,22,28,13,28,28,20,5,6,20,1,1,10,14,9,9,26,26,28,27,16,14,13,29,28,24,28,29,16,25,19,27,17,15,13,15,3,4,22,28,30,25,1,28
SAS,2015,1,4,11,3,12,15,6,8,16,5,17,23,4,27,8,15,5,11,8,13,8,7,1,12,17,13,4,1,24,20,27,6,9,11,11,4,15,7,7,19,9,16,19,3
TOR,2015,13,11,14,12,8,9,11,20,23,8,4,7,2,15,27,26,22,18,23,3,18,4,13,20,10,26,11,14,13,18,12,28,14,18,3,20,6,9,19,4,19,13,13,19
UTA,2015,30,27,29,19,18,17,19,27,24,15,14,13,26,4,20,11,29,16,3,26,12,26,30,2,2,14,7,5,25,7,11,8,10,12,8,3,1,1,1,24,13,23,22,1
WAS,2015,1,9,21,6,27,27,9,2,4,13,25,22,21,19,5,8,6,20,16,24,17,17,1,6,15,2,16,19,14,6,12,4,18,20,4,5,10,6,3,21,6,19,21,10
ATL,2016,11,9,15,11,6,7,15,19,24,7,29,30,8,30,13,24,2,3,5,22,7,12,11,7,26,1,13,16,6,5,20,1,8,7,13,27,25,28,15,23,14,5,29,6
BOS,2016,23,7,1,24,12,11,28,12,10,19,8,12,6,3,15,6,6,2,22,12,29,5,23,10,20,7,7,11,4,15,22,11,27,28,14,24,22,26,6,14,24,2,10,13
BRK,2016,26,17,17,13,26,27,13,8,3,22,27,27,18,14,25,23,15,19,25,19,2,26,26,30,22,30,27,25,24,26,14,30,2,1,22,14,14,12,27,27,18,16,28,24
CHO,2016,9,24,16,27,4,4,8,30,28,24,7,11,5,28,4,14,19,22,12,1,3,11,9,12,18,12,18,23,14,7,15,14,3,4,25,2,29,22,23,2,21,21,14,9
CHI,2016,3,11,2,22,21,24,3,11,2,29,23,26,7,9,3,3,12,29,8,13,5,21,3,25,30,7,11,8,10,27,30,8,4,8,3,29,20,25,19,19,27,29,26,16
CLE,2016,9,8,19,9,2,3,7,24,29,4,26,24,21,12,11,9,13,28,27,10,14,8,9,6,5,14,9,7,13,7,12,15,10,11,5,5,8,5,8,7,7,24,12,4
DAL,2016,1,22,18,20,7,5,23,26,27,12,12,21,3,26,9,19,18,26,29,2,8,16,1,14,18,15,22,26,9,11,5,19,11,12,4,16,26,24,14,11,8,18,8,14
DEN,2016,11,21,12,21,20,18,26,15,15,20,10,10,14,6,19,8,14,20,16,18,23,20,11,19,12,21,23,18,27,14,10,17,19,19,20,9,11,9,25,20,30,20,11,22
DET,2016,5,18,5,25,10,10,22,18,18,23,20,5,30,2,11,2,27,24,30,9,6,19,5,19,11,22,2,2,16,28,26,16,5,3,28,1,16,8,9,4,9,22,5,12
GSW,2016,5,1,3,1,1,1,1,16,26,1,22,23,16,21,1,4,1,9,2,24,19,1,5,21,29,3,6,13,2,25,29,4,22,23,17,25,9,15,16,24,3,15,19,19
HOU,2016,11,20,23,14,3,2,19,28,30,4,3,1,27,7,27,20,16,1,13,27,28,4,11,22,21,19,28,29,21,12,4,24,23,24,15,30,10,21,29,29,13,1,1,25
IND,2016,5,15,13,17,18,20,14,13,13,17,14,17,15,17,10,12,22,4,17,20,11,17,5,9,16,6,13,19,3,9,17,13,14,13,11,17,19,20,4,16,9,7,13,8
LAC,2016,11,16,25,6,8,9,6,20,25,6,11,4,29,29,17,25,11,7,10,3,24,7,11,5,15,2,8,10,5,6,19,3,24,25,10,28,24,29,7,4,1,9,2,7
LAL,2016,28,30,14,30,22,13,30,27,17,30,6,8,11,11,24,21,30,23,24,11,13,30,28,28,24,29,15,17,11,30,18,29,13,16,1,20,28,27,30,11,25,28,24,27
MEM,2016,11,26,22,23,27,25,29,10,4,27,5,9,9,8,30,28,25,6,21,6,27,24,11,3,1,18,29,28,22,1,1,23,28,26,24,12,12,11,13,3,29,3,9,11
MIA,2016,11,13,27,4,28,28,27,4,9,8,18,14,23,22,6,13,23,27,1,14,4,23,11,8,13,9,3,3,12,19,24,6,7,5,27,10,6,6,2,10,4,27,20,5
MIL,2016,11,14,26,5,30,30,21,2,1,13,21,18,22,15,29,27,9,13,7,25,17,25,11,11,6,17,25,27,15,4,2,21,21,20,23,26,7,10,28,22,26,8,21,17
MIN,2016,5,19,29,7,29,29,25,5,5,11,1,2,4,20,28,29,8,14,19,23,18,15,5,27,16,28,21,24,17,24,11,28,12,9,18,17,3,7,20,17,17,13,7,23
NOP,2016,23,12,8,19,15,16,9,14,14,20,16,22,13,23,20,22,17,16,23,8,22,13,23,24,10,27,23,22,25,20,9,27,25,22,29,3,27,19,21,9,15,19,17,26
NYK,2016,19,25,21,26,24,23,20,16,12,28,17,25,1,16,7,10,26,30,9,7,10,27,19,13,25,10,4,6,7,22,25,9,15,15,12,19,15,16,3,6,5,30,27,10
OKC,2016,11,2,7,3,17,17,17,3,11,2,4,7,10,1,2,1,10,21,4,26,16,2,11,16,27,5,12,14,8,21,28,7,18,18,16,22,1,2,10,26,11,26,15,15
ORL,2016,3,5,4,12,23,22,16,7,6,14,30,29,17,18,21,17,7,12,15,14,19,18,3,16,7,20,19,20,19,13,6,22,17,21,6,13,21,18,21,13,21,11,30,18
PHI,2016,19,28,20,29,9,8,24,29,23,25,28,19,28,24,26,30,20,10,3,29,25,29,19,26,23,25,5,4,20,29,27,19,30,29,30,21,30,30,24,25,28,10,25,29
PHO,2016,29,23,11,28,11,12,18,21,19,26,13,13,20,5,15,7,24,17,28,30,30,22,29,23,9,26,26,20,30,17,8,25,29,30,9,11,18,13,17,30,23,12,6,28
POR,2016,19,10,8,16,5,6,4,22,21,15,15,14,19,4,8,5,21,25,18,17,26,6,19,15,14,16,15,9,26,18,21,12,26,27,2,15,13,13,11,15,16,25,22,20
SAC,2016,19,4,6,8,19,21,10,6,8,10,9,6,26,13,14,11,4,5,20,28,15,3,19,29,28,24,30,30,23,22,16,26,16,14,21,23,17,23,26,28,19,6,4,30
SAS,2016,29,3,24,2,25,26,2,1,7,3,25,28,2,25,5,15,3,11,6,4,1,10,29,2,3,4,1,1,1,10,23,2,1,2,19,4,5,3,4,8,2,14,22,1
TOR,2016,23,27,28,15,14,19,5,23,20,18,2,3,12,19,18,16,29,15,11,5,9,14,23,4,4,11,17,12,29,3,7,5,6,6,8,8,4,4,12,1,20,23,3,3
UTA,2016,2,29,30,18,16,15,12,25,22,16,19,16,24,10,23,18,28,18,14,21,12,28,2,1,2,13,10,5,18,2,3,10,9,9,7,6,2,1,1,18,12,17,18,2
WAS,2016,26,6,10,9,13,14,11,9,16,9,24,20,25,27,22,26,5,8,26,16,21,9,26,18,8,23,20,15,27,16,13,17,20,17,26,7,23,17,18,21,6,4,16,21
ATL,2017,4,23,22,18,20,16,23,18,17,14,13,5,28,14,10,9,10,7,14,28,6,22,4,13,23,5,28,29,16,6,9,6,4,4,16,22,15,16,19,29,22,2,3,10
BOS,2017,25,21,18,16,3,3,14,28,28,8,10,15,3,22,22,27,4,18,23,8,21,7,25,12,15,9,7,14,2,14,13,19,25,25,9,25,20,25,12,17,23,17,11,15
BRK,2017,25,25,17,24,6,4,26,25,25,11,4,7,9,26,1,10,20,21,18,29,25,12,25,29,30,18,20,17,21,29,30,10,26,26,15,27,29,29,16,30,30,21,9,29
CHO,2017,10,26,15,26,11,9,18,22,21,27,5,10,1,26,4,16,11,27,17,1,1,16,10,18,21,15,30,30,25,7,5,21,1,1,21,3,26,22,28,2,28,23,15,13
CHI,2017,18,20,8,25,28,29,24,6,3,29,15,19,6,2,9,3,14,15,16,12,2,23,18,17,22,14,6,9,6,24,24,16,2,2,11,17,12,13,23,10,12,20,25,6
CLE,2017,4,5,19,5,2,2,2,27,29,3,19,13,23,21,7,12,13,30,25,14,4,4,4,26,26,16,26,24,18,22,22,17,3,3,20,27,16,20,29,8,8,28,6,20
DAL,2017,18,30,27,29,5,6,16,30,27,25,29,30,4,30,30,30,27,19,30,2,9,30,18,4,2,27,12,7,29,2,3,23,10,11,18,2,27,24,5,1,2,6,21,4
DEN,2017,25,3,4,6,7,8,11,10,14,5,9,8,17,5,6,2,2,28,27,23,9,3,25,30,25,29,16,10,28,30,29,27,9,9,26,7,3,4,25,22,15,30,13,27
DET,2017,13,7,1,22,27,26,28,2,2,23,30,29,29,8,5,4,24,25,29,3,3,26,13,9,8,20,11,8,21,11,10,14,8,8,24,1,25,10,21,4,6,27,30,7
GSW,2017,18,1,9,1,4,5,3,5,22,1,17,18,11,20,3,7,1,1,1,22,12,1,18,14,29,1,8,20,1,17,27,3,14,15,3,30,6,14,14,28,4,1,22,11
HOU,2017,18,4,7,12,1,1,15,29,30,2,2,1,20,9,15,8,3,8,20,25,15,2,18,27,27,23,22,25,4,27,18,28,11,10,23,23,17,19,27,24,17,5,8,26
IND,2017,7,15,20,10,23,27,4,9,9,17,16,23,2,23,21,26,16,9,9,16,13,15,7,7,11,10,25,25,13,5,6,12,24,20,30,24,19,21,11,20,16,6,20,14
LAC,2017,25,10,26,2,9,11,7,17,23,4,6,3,27,24,11,21,15,20,21,7,14,6,25,11,14,11,9,11,8,12,14,9,16,16,16,14,13,12,17,7,1,22,1,12
LAL,2017,30,13,6,21,19,19,22,11,7,22,23,17,21,7,26,17,26,5,28,26,22,17,30,28,17,30,24,19,26,28,12,30,18,19,5,17,23,23,30,25,26,11,28,28
MEM,2017,2,29,25,30,15,14,17,26,20,30,12,12,12,10,27,24,21,13,22,6,29,29,2,1,1,2,19,21,11,1,1,7,28,29,2,6,11,7,3,6,18,13,4,3
MIA,2017,18,18,14,15,12,12,12,18,15,18,28,26,30,11,20,15,22,22,3,11,20,21,18,6,10,7,1,1,3,20,28,5,19,17,27,14,18,15,2,5,14,19,27,5
MIL,2017,18,19,29,4,22,24,10,14,19,6,21,20,19,25,28,29,5,10,6,18,17,20,18,8,5,17,20,22,9,8,4,24,15,14,12,19,8,8,26,13,9,9,24,9
MIN,2017,13,12,21,8,30,30,20,3,5,10,6,8,5,6,29,25,9,12,19,19,16,13,13,20,7,28,18,14,23,15,8,29,13,13,8,10,1,2,18,18,19,14,7,18
NOP,2017,2,17,12,20,14,13,19,15,12,21,25,21,22,29,1,13,12,16,5,5,5,18,2,23,28,7,27,27,10,13,17,11,5,5,4,21,30,30,20,11,7,16,23,17
NYK,2017,7,8,3,23,24,21,21,8,4,28,26,28,10,3,17,5,19,23,4,17,19,18,7,22,24,13,15,23,7,19,16,20,22,22,13,29,14,26,8,15,10,25,29,23
OKC,2017,13,11,5,17,26,18,30,7,8,13,8,4,26,1,7,1,25,14,10,24,24,11,13,16,13,19,4,4,14,23,23,13,21,24,6,5,4,3,7,25,28,18,5,16
ORL,2017,13,22,11,28,25,15,29,16,10,26,27,27,25,17,16,20,18,24,15,9,11,27,13,25,20,25,13,13,24,25,21,22,12,12,7,8,28,28,22,16,20,24,26,22
PHI,2017,10,27,16,27,10,7,25,23,24,19,24,24,18,17,19,23,8,3,7,30,28,25,10,19,16,21,5,5,15,26,25,15,27,27,19,26,24,27,13,27,27,4,19,24
PHO,2017,10,6,2,19,29,28,27,1,1,24,1,2,15,4,18,6,29,6,13,27,30,9,10,24,19,26,23,12,30,21,20,18,30,30,28,16,21,18,10,21,25,8,2,30
POR,2017,1,9,13,14,8,10,6,20,16,16,11,11,14,15,14,14,23,25,10,15,26,8,1,15,18,12,10,6,27,18,26,4,29,28,29,12,22,17,4,19,24,26,16,25
SAC,2017,4,24,28,13,18,23,5,21,18,20,14,13,16,28,25,28,16,17,26,21,18,24,4,10,6,22,29,28,19,3,2,26,23,22,22,11,10,9,24,23,21,15,14,18
SAS,2017,13,14,24,6,17,25,1,13,11,15,18,24,7,16,12,11,7,11,2,10,7,14,13,3,9,4,2,3,5,10,18,2,7,7,14,9,5,5,6,14,5,12,17,2
TOR,2017,18,16,22,11,21,22,13,12,13,12,3,6,8,12,23,18,30,4,12,4,23,10,18,5,4,6,13,18,12,4,7,8,20,18,24,13,7,6,8,3,13,10,10,8
UTA,2017,25,28,30,9,13,17,9,24,26,9,22,16,24,19,13,19,28,29,8,13,8,28,25,2,3,2,3,2,17,9,15,1,6,6,10,4,2,1,1,8,3,29,12,1
WAS,2017,7,2,10,3,16,20,8,4,6,7,20,22,12,13,24,22,6,2,24,20,27,5,7,21,12,24,17,16,20,16,11,25,17,21,1,20,9,11,15,12,10,3,18,21
ATL,2018,27,28,20,25,9,7,15,26,24,22,22,23,7,22,23,25,8,12,23,27,14,25,27,21,18,24,27,26,28,17,11,22,9,12,20,24,18,23,30,28,28,5,14,23
BOS,2018,12,25,25,21,7,10,2,27,23,25,21,20,17,20,6,8,20,23,18,15,17,20,12,3,12,2,4,9,1,6,17,5,15,15,12,13,20,22,4,7,6,19,22,3
BRK,2018,5,27,10,29,2,2,20,29,29,19,8,11,14,15,9,9,9,30,16,25,23,14,5,27,27,19,2,1,23,30,30,9,23,24,14,25,28,30,5,15,27,30,19,28
CHO,2018,16,18,11,24,19,21,8,18,7,27,1,1,24,12,4,3,24,28,18,3,2,10,16,25,24,22,26,19,27,23,19,19,2,1,30,2,25,19,26,2,20,24,1,19
CHI,2018,5,23,1,30,10,6,21,23,15,30,28,26,20,16,8,6,10,18,30,13,9,26,5,23,20,27,30,30,24,14,4,30,10,7,29,1,30,26,29,5,24,24,29,27
CLE,2018,23,10,26,4,3,5,6,20,28,5,6,9,10,27,17,23,12,24,28,10,5,5,23,30,25,28,28,29,22,24,13,28,3,4,5,18,17,18,28,12,3,26,7,26
DAL,2018,12,29,17,26,5,4,17,28,27,21,29,29,19,30,21,27,19,25,29,1,10,28,12,14,5,23,16,16,15,10,6,25,13,16,6,5,29,27,15,7,8,23,20,12
DEN,2018,4,7,12,10,6,8,7,14,21,8,12,12,18,2,20,7,5,17,12,23,6,6,4,26,19,30,21,10,30,25,20,24,7,8,1,14,2,2,25,20,16,22,6,22
DET,2018,12,16,9,23,14,16,5,21,14,26,27,24,25,11,18,16,15,14,27,7,4,22,12,12,13,14,23,27,12,7,7,16,4,2,23,8,21,21,27,9,17,8,27,8
GSW,2018,23,1,24,1,8,17,1,5,20,1,18,22,1,28,7,17,1,9,1,26,15,1,23,18,29,3,13,13,10,22,28,6,19,19,8,30,1,8,17,30,1,14,25,18
HOU,2018,18,22,27,15,1,1,13,30,30,2,2,3,9,24,10,18,26,5,15,12,12,2,18,17,14,16,9,11,7,19,14,20,4,6,3,3,15,4,11,11,5,10,11,6
IND,2018,18,6,14,6,25,26,9,4,4,13,24,27,11,17,25,22,23,3,25,5,7,17,18,15,11,18,15,23,5,12,5,27,6,5,7,21,8,14,12,3,25,3,26,9
LAC,2018,27,11,21,9,22,22,23,7,12,8,4,2,26,10,16,15,22,14,18,19,18,9,27,19,23,12,18,21,9,20,18,14,21,21,25,28,13,17,24,27,29,21,2,24
LAL,2018,3,7,2,14,20,15,29,8,8,11,16,8,30,4,2,2,7,13,17,29,24,11,3,24,28,10,14,20,3,26,25,13,20,20,10,23,22,24,16,25,26,16,9,25
MEM,2018,27,30,30,27,24,24,25,24,19,28,17,16,6,18,30,29,26,22,14,23,30,29,27,1,1,17,16,12,20,1,2,17,30,30,18,12,12,8,9,21,23,9,10,13
MIA,2018,2,19,23,17,11,9,16,22,22,14,26,25,22,21,13,18,17,21,6,16,20,23,2,4,6,7,6,6,13,8,16,7,25,22,26,6,19,15,3,13,10,18,21,4
MIL,2018,8,14,28,3,27,25,22,6,13,6,5,7,8,29,28,30,14,2,5,11,26,15,8,13,4,20,9,7,25,15,12,15,27,25,27,19,8,12,18,4,7,2,16,16
MIN,2018,12,4,15,4,30,30,19,1,2,10,3,5,2,7,27,24,18,6,24,2,3,8,12,19,10,29,19,18,18,18,8,29,11,11,24,15,3,3,21,1,12,4,5,17
NOP,2018,1,2,3,2,18,18,13,2,6,4,19,17,15,26,3,10,3,8,3,22,8,3,1,28,30,9,20,25,8,28,29,10,12,9,28,29,23,25,20,22,4,11,13,29
NYK,2018,8,9,5,12,29,29,27,3,1,18,24,28,5,5,19,13,13,29,8,21,22,18,8,16,17,11,24,22,20,9,10,11,24,23,22,21,10,16,22,22,14,28,28,20
OKC,2018,8,13,4,18,15,11,24,15,16,16,10,4,29,1,26,5,28,1,11,13,21,12,8,9,7,12,25,24,19,3,3,12,14,13,17,11,6,5,14,15,9,1,3,10
ORL,2018,23,20,17,19,17,14,28,19,18,17,23,21,21,25,24,26,11,20,13,17,11,24,23,22,21,20,8,8,14,29,26,17,16,14,21,27,26,28,23,18,19,17,24,21
PHI,2018,16,5,13,8,12,12,10,11,17,7,11,10,23,3,1,1,2,7,9,30,29,7,16,5,22,1,9,17,2,5,22,1,29,29,2,20,4,6,5,26,21,15,11,11
PHO,2018,27,24,7,28,23,20,30,15,9,24,7,6,27,8,15,12,29,27,21,28,28,21,27,29,26,26,22,15,26,27,24,20,28,28,15,26,27,29,13,29,30,27,4,30
POR,2018,18,15,8,20,16,19,11,17,11,23,15,18,3,9,5,3,30,26,7,8,13,16,18,7,16,4,7,5,16,11,23,2,18,18,4,10,16,13,2,10,22,29,23,5
SAC,2018,18,21,15,22,26,28,3,12,3,29,30,30,28,19,29,28,25,11,25,9,19,30,18,10,2,25,29,28,29,2,1,26,17,17,13,7,23,20,18,17,14,12,30,14
SAS,2018,23,17,22,16,28,27,26,9,5,20,19,18,13,6,14,11,15,14,4,4,1,27,23,6,8,8,3,4,4,16,21,8,1,3,9,8,14,10,8,14,2,20,18,1
TOR,2018,8,3,6,7,4,3,18,13,25,3,9,13,4,14,11,14,6,18,2,6,27,4,8,8,14,5,1,2,11,21,27,3,26,27,16,17,5,7,7,5,18,12,16,6
UTA,2018,18,26,29,13,13,13,12,25,26,12,14,15,12,23,11,20,21,4,9,20,16,19,18,2,3,6,5,3,17,4,15,4,8,10,19,3,10,1,1,24,11,6,8,1
WAS,2018,5,12,19,11,21,23,4,10,10,14,13,14,15,13,22,21,4,10,22,18,25,13,5,11,9,15,12,14,6,12,9,23,22,26,10,16,7,10,10,19,13,6,15,15
ATL,2019,7,15,4,21,4,3,16,21,24,15,18,12,21,4,18,12,10,11,14,30,29,12,7,27,21,26,28,28,19,23,9,29,30,30,8,19,21,23,30,30,24,8,5,30
BOS,2019,18,11,9,14,6,7,7,18,18,11,28,29,4,20,16,22,5,4,10,3,12,14,18,4,9,4,15,22,6,5,5,12,13,16,12,16,22,22,8,2,2,7,26,8
BRK,2019,1,20,14,25,5,5,14,27,25,17,6,4,24,10,10,7,21,27,28,26,23,15,1,23,27,12,5,9,3,30,30,11,16,16,21,24,18,24,10,22,22,20,7,18
CHO,2019,11,21,12,26,11,10,18,24,19,22,9,16,6,19,22,23,24,21,18,2,3,19,11,20,13,25,25,22,23,14,7,24,5,2,30,12,25,21,26,4,29,17,18,17
CHI,2019,3,23,22,20,30,27,19,13,5,28,25,26,11,30,21,25,27,20,26,19,9,27,3,24,15,27,24,20,26,18,10,25,9,8,10,11,28,25,22,9,28,22,30,20
CLE,2019,24,26,23,28,20,24,13,20,13,29,22,27,7,12,28,26,29,28,30,9,6,29,24,28,7,30,22,11,30,25,6,30,3,3,19,6,13,8,24,6,27,28,28,24
DAL,2019,18,28,28,27,7,4,27,29,29,13,7,5,25,16,14,16,22,29,26,20,8,21,18,14,14,16,12,16,7,12,12,18,11,7,25,14,14,14,14,23,6,25,2,13
DEN,2019,27,12,11,13,18,16,17,10,12,10,27,25,20,2,17,8,2,13,24,8,7,20,27,5,4,15,10,13,1,6,4,21,7,9,2,7,2,1,16,14,14,17,20,6
DET,2019,7,27,19,29,9,6,23,28,26,27,19,17,23,5,24,18,26,22,29,11,26,25,7,6,2,24,1,2,9,21,17,22,18,21,5,3,12,6,8,5,17,14,11,7
GSW,2019,15,1,13,1,3,8,3,12,22,2,23,28,5,21,3,11,1,15,1,21,22,2,15,11,24,3,17,25,11,7,20,4,24,24,23,21,5,10,12,19,1,19,27,16
HOU,2019,11,25,26,24,1,1,12,30,30,3,3,7,9,14,29,28,28,5,18,6,25,11,11,10,5,19,3,4,2,20,13,23,21,20,16,23,10,16,7,11,8,9,24,10
IND,2019,30,16,27,4,29,29,5,5,7,16,26,23,22,25,23,24,9,3,20,10,4,22,30,3,3,6,14,14,14,3,3,7,4,6,7,17,3,5,13,13,21,5,23,1
LAC,2019,11,17,24,7,25,28,2,9,6,23,1,1,8,22,8,13,18,23,22,22,28,5,11,18,25,14,6,8,5,28,28,14,28,28,24,28,11,19,11,25,30,24,1,25
LAL,2019,18,6,8,9,20,17,29,3,10,5,24,14,29,15,4,6,11,16,8,29,13,16,18,21,28,9,20,27,13,16,24,10,17,14,28,27,23,26,21,26,20,12,15,21
MEM,2019,4,30,30,23,27,25,25,26,21,24,15,18,15,29,26,29,19,6,4,15,24,30,4,1,1,7,16,15,21,1,1,8,27,27,29,5,17,12,6,18,13,6,9,3
MIA,2019,27,24,21,22,15,14,21,22,20,20,29,22,30,7,15,10,17,14,4,23,15,26,27,2,6,2,21,21,17,2,2,2,14,13,18,13,7,9,4,15,11,13,22,2
MIL,2019,18,3,6,3,2,2,15,16,27,1,12,15,14,25,1,1,7,17,2,13,5,1,18,12,30,1,30,30,22,4,18,1,1,4,1,9,20,15,19,3,12,21,21,11
MIN,2019,11,13,5,17,23,26,19,6,3,25,4,8,10,6,25,19,15,7,17,4,10,13,11,22,20,23,29,24,29,8,11,16,12,11,15,26,9,17,27,1,25,11,8,23
NOP,2019,24,2,3,6,22,21,24,1,4,8,13,11,18,8,6,5,3,18,7,24,19,3,24,29,28,20,27,26,25,24,25,19,19,19,11,22,16,20,29,28,23,16,13,27
NYK,2019,18,29,18,30,24,22,28,25,11,30,11,10,19,13,20,20,30,24,13,17,16,28,18,19,16,22,19,17,24,15,15,20,21,22,14,20,30,29,23,11,26,23,14,22
OKC,2019,7,5,1,18,13,13,22,8,8,19,14,6,28,1,11,2,23,1,12,14,27,7,7,13,12,17,13,12,16,11,16,15,23,23,9,8,26,18,20,24,16,1,3,15
ORL,2019,18,18,15,18,12,15,11,19,16,21,30,30,12,17,13,15,12,26,6,5,2,24,18,7,8,11,7,7,10,9,19,12,6,5,27,2,24,11,2,7,5,26,29,5
PHI,2019,15,14,20,8,19,19,8,14,15,9,2,2,16,11,2,4,4,19,11,25,20,4,15,17,26,10,4,6,4,29,29,9,26,26,17,10,4,4,5,21,4,27,6,19
PHO,2019,4,22,25,16,28,23,30,15,14,12,17,20,13,28,30,30,20,2,15,28,29,23,4,26,10,29,11,5,28,27,22,26,29,29,4,30,19,27,25,29,15,4,17,28
POR,2019,7,7,7,12,17,18,9,7,9,14,5,13,2,3,7,3,25,25,16,11,11,6,7,15,19,13,8,3,20,22,26,5,15,15,20,15,1,3,3,10,18,29,16,14
SAC,2019,27,4,2,15,16,20,4,4,1,26,21,19,27,9,19,14,14,10,24,7,21,9,27,25,23,20,23,29,12,19,8,27,25,25,21,25,29,30,17,16,18,2,10,26
SAS,2019,15,8,17,2,26,30,1,2,2,18,20,24,1,27,12,21,16,30,21,1,1,18,15,16,18,18,18,18,18,13,14,17,2,1,6,4,15,7,18,8,3,30,25,12
TOR,2019,4,9,16,5,8,11,6,17,23,7,16,21,3,24,9,17,13,9,9,16,17,8,4,9,16,5,9,10,8,10,23,6,10,12,13,18,8,13,15,17,6,10,19,9
UTA,2019,24,19,29,10,9,9,10,23,28,6,8,3,26,18,5,9,8,12,3,27,18,17,24,8,11,8,2,1,15,17,27,3,7,9,2,1,6,2,1,27,9,15,4,4
WAS,2019,2,10,10,11,14,12,26,11,17,4,10,9,17,23,27,27,6,7,23,18,13,10,2,30,22,28,26,19,27,26,21,28,20,18,26,29,27,28,28,20,10,3,12,29
ATL,2020,23,17,7,23,16,8,30,17,18,14,12,15,10,19,23,22,17,13,12,28,30,17,23,29,24,26,11,7,22,28,27,25,30,30,16,29,25,28,21,29,30,11,13,30
BOS,2020,13,12,11,17,12,13,13,16,16,18,11,18,5,6,11,8,25,6,5,8,20,9,13,2,8,4,10,16,2,4,6,7,20,19,9,18,8,11,2,8,25,9,15,2
BRK,2020,11,19,10,24,9,5,26,23,22,15,15,9,25,9,2,2,15,27,23,24,16,16,11,18,29,5,13,18,9,17,29,5,12,13,13,24,20,22,3,16,21,28,10,19
CHO,2020,26,30,26,30,15,14,19,29,25,30,26,25,24,3,29,26,19,26,25,14,3,30,26,19,12,23,19,23,11,18,7,30,1,1,4,27,18,23,30,23,20,16,16,12
CHI,2020,29,25,16,26,14,11,22,21,19,25,28,27,21,13,30,29,23,1,26,27,24,27,29,7,1,27,4,4,12,14,4,28,28,28,5,16,22,20,25,24,28,1,29,14
CLE,2020,27,20,24,19,21,20,20,14,13,20,29,29,20,4,22,19,24,25,30,30,1,26,27,30,18,30,20,8,26,29,21,29,2,2,11,11,3,6,29,30,29,26,26,22
DAL,2020,1,9,9,16,2,2,10,26,28,4,10,11,14,11,4,4,14,29,16,2,6,3,1,21,26,13,17,20,10,22,24,13,5,6,7,21,17,19,10,5,5,30,9,16
DEN,2020,3,8,15,4,24,26,15,5,6,6,25,26,16,5,24,20,4,9,19,7,11,19,3,11,5,15,12,15,17,10,8,18,10,12,6,12,1,4,24,10,8,17,17,11
DET,2020,24,28,27,18,18,17,11,22,21,23,22,22,26,21,27,30,16,21,22,25,8,25,24,22,10,28,2,2,19,27,25,24,6,5,18,15,7,8,16,25,27,22,24,15
GSW,2020,27,29,21,29,28,25,29,19,8,29,9,16,4,18,26,24,9,7,20,19,10,28,27,23,16,24,28,17,30,15,11,21,11,10,23,17,27,26,28,27,17,6,21,24
HOU,2020,16,16,8,22,1,1,24,30,30,2,2,2,8,20,16,18,29,3,10,15,23,2,16,24,25,14,14,22,8,24,22,20,16,17,8,28,29,30,23,22,15,3,12,23
IND,2020,5,7,18,2,29,30,14,1,3,11,30,30,12,28,20,25,7,20,11,5,9,23,5,6,15,6,6,13,4,11,14,9,9,9,27,20,16,16,6,3,11,13,30,3
LAC,2020,16,10,14,12,13,16,6,13,14,17,1,1,9,8,3,3,22,24,18,13,26,4,16,8,21,3,18,27,5,6,12,2,19,22,3,25,13,18,9,14,13,20,1,13
LAL,2020,22,4,20,1,23,23,21,4,9,3,17,8,28,7,13,9,10,5,1,22,14,11,22,5,9,8,9,11,7,7,10,8,15,14,20,7,2,2,7,26,1,5,5,4
MEM,2020,9,3,6,7,25,24,23,2,4,7,23,24,19,14,5,5,2,12,7,23,18,14,9,14,22,9,23,25,24,8,15,6,26,25,21,19,12,14,18,21,22,12,20,21
MIA,2020,3,26,30,10,6,9,2,28,29,8,5,4,13,29,6,17,5,18,21,18,13,15,3,3,6,7,24,28,6,3,1,15,18,16,22,5,6,3,15,13,4,21,7,10
MIL,2020,6,1,4,3,4,4,18,9,23,1,14,6,27,25,1,1,6,23,3,20,7,1,6,4,30,1,30,30,15,2,13,1,8,7,25,8,28,21,11,12,9,19,6,8
MIN,2020,30,18,1,28,8,3,28,24,24,19,7,3,23,10,18,14,20,4,4,26,19,12,30,28,23,25,7,5,20,30,30,23,27,26,24,14,30,29,13,18,26,8,8,28
NOP,2020,13,2,2,13,5,7,7,15,17,12,20,14,29,2,10,6,3,19,13,29,17,5,13,26,28,19,14,14,18,25,26,16,25,23,28,13,15,13,14,28,14,15,11,27
NYK,2020,24,24,13,25,30,29,27,6,2,28,24,12,30,1,17,6,27,17,17,11,28,29,24,10,4,17,27,21,28,5,5,11,23,27,1,10,14,10,12,9,19,24,25,18
OKC,2020,13,23,28,8,27,27,17,12,15,10,4,5,7,30,15,23,28,16,15,6,4,21,13,16,19,10,5,10,2,20,20,14,4,3,30,23,10,12,5,7,3,18,2,7
ORL,2020,9,27,17,27,22,19,25,18,10,27,19,20,17,15,19,16,18,8,8,4,2,24,9,13,7,18,16,12,23,12,9,17,3,4,14,2,24,15,17,5,12,14,28,5
PHI,2020,6,14,25,10,19,22,9,10,11,16,21,21,22,12,14,10,8,9,9,10,15,20,6,9,3,16,1,1,13,19,23,12,17,20,2,1,5,1,4,4,2,23,18,6
PHO,2020,6,13,22,9,20,21,16,7,12,9,3,10,1,22,21,21,1,15,29,16,25,10,6,17,11,22,8,6,21,21,18,22,24,21,26,4,9,7,8,20,24,7,3,20
POR,2020,2,5,3,14,10,15,3,11,7,24,18,23,3,16,12,12,30,28,2,3,22,6,2,20,27,11,29,26,29,13,19,4,21,24,15,30,21,27,19,1,16,27,22,26
SAC,2020,12,15,19,15,11,12,12,20,20,13,27,28,18,23,25,27,21,14,27,12,27,22,12,12,2,21,21,19,16,9,3,26,22,18,29,3,11,9,20,17,6,10,27,17
SAS,2020,21,6,12,5,26,28,4,3,1,22,8,13,2,27,9,15,13,22,6,1,5,8,21,25,20,20,26,24,25,16,16,19,13,11,17,6,26,17,27,2,7,25,23,25
TOR,2020,16,21,23,20,3,6,5,27,26,21,13,17,6,24,7,11,11,2,13,17,21,13,16,1,13,2,25,29,1,1,2,3,14,15,12,26,19,24,26,11,23,2,19,1
UTA,2020,19,22,29,6,7,10,1,25,27,5,16,19,15,26,8,13,26,30,28,21,12,18,19,15,17,12,3,3,14,23,28,10,7,8,10,9,4,5,1,19,10,29,14,9
WAS,2020,19,11,5,21,17,18,8,8,5,26,6,7,11,17,28,28,12,11,24,9,29,7,19,27,14,29,22,9,27,26,17,27,29,29,19,22,23,25,22,15,18,3,4,29
ATL,2021,11,19,23,17,17,19,12,15,15,19,2,4,5,7,10,5,19,24,17,9,18,13,11,14,19,12,9,14,3,20,21,16,14,12,30,21,4,8,11,21,17,29,9,12
BOS,2021,16,13,11,19,11,10,10,16,20,17,25,25,16,4,22,15,25,13,6,16,24,16,16,6,4,14,16,15,22,6,7,10,26,25,22,7,7,6,9,10,11,13,13,11
BRK,2021,11,6,21,1,7,12,2,13,22,1,5,8,6,27,5,14,7,27,7,13,13,2,11,20,25,7,22,23,14,16,22,6,16,14,11,26,3,12,8,16,9,26,18,21
CHO,2021,19,22,20,22,10,9,14,26,23,22,26,24,21,6,25,19,5,10,16,24,5,23,19,15,14,17,28,30,17,4,3,30,1,3,1,27,18,19,30,24,14,9,21,13
CHI,2021,16,10,14,9,16,17,13,11,14,10,30,30,11,19,8,11,8,28,27,27,10,21,16,17,13,23,5,5,7,24,23,23,18,18,10,1,12,5,10,29,18,24,30,14
CLE,2021,6,29,28,25,29,28,30,14,9,26,14,9,26,10,28,24,21,12,20,29,7,30,6,21,8,29,13,6,28,21,18,27,8,7,16,17,14,14,20,28,29,12,6,17
DAL,2021,24,18,22,13,8,6,18,21,27,3,18,20,15,25,17,21,26,30,26,3,19,17,24,8,12,9,16,20,13,7,8,12,18,20,5,12,15,15,2,9,2,26,7,9
DEN,2021,1,4,9,4,15,16,8,7,11,6,27,27,7,8,19,13,5,8,21,12,14,8,1,7,3,18,20,22,11,5,4,26,17,16,9,4,2,1,24,12,7,14,15,8
DET,2021,6,28,29,24,22,21,22,22,19,23,7,5,24,18,26,25,18,17,8,25,26,27,6,16,11,26,2,1,10,26,24,24,15,19,3,19,16,17,15,23,28,15,5,10
GSW,2021,24,15,17,14,3,5,9,24,25,11,16,21,13,30,12,22,1,6,17,26,28,12,24,10,17,3,12,16,8,11,20,4,28,30,14,29,26,27,7,22,6,6,11,18
HOU,2021,24,25,15,28,9,3,28,28,28,15,17,10,27,23,24,27,24,14,14,23,21,24,24,25,18,27,23,19,27,19,12,25,23,24,21,18,30,30,21,27,21,11,14,27
IND,2021,4,3,3,11,18,18,17,5,6,12,20,26,9,26,21,26,2,5,1,13,22,6,4,26,26,16,4,2,16,30,30,7,25,26,19,30,21,25,28,11,23,8,26,25
LAC,2021,30,12,25,5,6,14,1,19,21,18,24,28,1,21,14,17,17,20,29,7,17,10,30,9,7,13,6,7,6,15,14,14,10,9,13,5,1,1,3,7,5,22,27,4
LAL,2021,4,21,27,12,25,24,21,12,12,13,11,6,28,17,15,16,15,11,5,28,16,22,4,5,6,8,3,4,4,13,16,9,9,8,12,2,9,4,13,26,8,4,3,2
MEM,2021,11,7,2,18,24,23,20,4,3,20,19,17,18,2,9,4,4,1,12,10,9,15,11,13,16,11,18,18,18,12,10,11,20,15,27,12,20,18,19,18,20,7,25,16
MIA,2021,16,26,30,14,14,11,19,25,29,5,13,21,12,29,23,29,9,9,30,17,12,25,16,3,2,6,27,29,15,1,1,20,6,6,20,8,11,10,23,13,4,5,10,5
MIL,2021,22,1,1,3,5,8,5,8,13,4,23,16,23,12,1,2,14,7,19,15,2,1,22,23,30,5,30,28,29,10,17,2,3,1,17,9,13,13,17,6,15,20,24,22
MIN,2021,11,20,6,26,12,7,25,18,17,21,8,7,22,9,27,20,11,3,3,19,27,18,11,27,20,28,21,12,30,23,25,19,27,26,23,20,23,22,29,16,26,3,8,29
NOP,2021,6,9,10,7,27,25,26,2,4,8,4,2,29,1,3,3,10,15,24,22,4,9,6,19,21,19,29,27,25,8,6,18,11,11,28,3,6,3,25,20,30,18,2,24
NYK,2021,6,24,26,21,21,27,3,17,8,29,21,23,14,16,7,9,29,21,11,6,25,26,6,1,5,1,10,21,1,3,5,5,13,17,4,10,17,16,6,3,25,23,29,1
OKC,2021,19,27,19,29,20,13,29,23,18,27,29,17,30,14,3,6,27,23,23,30,6,28,19,29,29,24,24,26,12,22,19,28,5,5,8,23,27,26,22,30,21,21,23,26
ORL,2021,22,30,8,30,26,22,27,20,5,30,15,15,17,11,10,7,28,25,22,5,1,29,22,22,23,21,25,25,21,14,9,22,4,4,24,12,29,28,27,15,24,24,20,20
PHI,2021,6,14,24,8,23,26,10,10,7,16,3,3,20,13,13,10,22,1,2,21,23,14,6,4,10,4,8,11,9,9,13,3,21,23,6,11,8,11,5,8,12,2,4,6
PHO,2021,1,2,16,2,13,15,7,9,16,2,28,29,2,28,18,23,3,19,25,4,14,7,1,11,9,15,7,10,5,18,15,17,12,13,15,6,10,9,4,5,1,17,28,7
POR,2021,24,15,4,23,2,2,6,27,24,28,6,13,3,3,20,12,30,25,13,1,10,5,24,18,15,25,19,17,20,17,10,21,24,22,26,16,22,21,16,1,10,28,16,23
SAC,2021,24,8,13,6,19,20,16,6,10,7,21,11,25,22,30,30,12,16,15,11,20,11,24,30,22,30,13,8,26,29,26,29,22,21,25,28,19,20,18,14,13,16,19,28
SAS,2021,1,11,7,20,30,30,24,2,1,24,9,12,10,24,16,18,16,22,10,2,3,20,1,24,24,22,11,9,23,27,27,13,7,9,2,24,28,29,14,2,19,19,22,19
TOR,2021,24,23,12,26,4,4,15,29,26,25,10,17,4,20,29,28,20,4,4,8,28,19,24,2,1,10,26,24,24,2,2,8,28,28,29,22,25,23,26,4,27,1,12,15
UTA,2021,19,17,18,16,1,1,4,30,30,9,12,14,8,4,2,1,23,29,8,18,8,4,19,12,27,2,1,3,2,25,29,1,2,2,7,15,5,7,1,19,3,30,17,3
WAS,2021,11,5,5,10,28,29,22,1,2,14,1,1,19,15,6,8,13,18,28,20,30,3,11,28,28,20,15,13,19,28,28,15,30,29,18,25,24,24,12,25,15,10,1,30
